INSERT INTO hw5.movies (id,title,year,director) VALUES
  (1,'Dil Chahta Hai',2001,'Farhan Akhtar'),
  (2,'The Bourne Ultimatum',2007,'Paul Greengrass'),
  (3,'Okuribito',2008,'Yôjirô Takita'),
  (4,'300',2006,'Zack Snyder'),
  (5,'Zwartboek',2006,'Paul Verhoeven'),
  (6,'La montaña sagrada',1973,'Alejandro Jodorowsky'),
  (7,'Mission: Impossible - Fallout',2018,'Christopher McQuarrie'),
  (8,'Kari-gurashi no Arietti',2010,'Hiromasa Yonebayashi'),
  (9,'The Fugitive',1993,'Andrew Davis'),
  (10,'Iron Man',2008,'Jon Favreau'),
  (11,'Oceans Eleven',2001,'Steven Soderbergh'),
  (12,'Tropa de Elite',2007,'José Padilha'),
  (13,'Män som hatar kvinnor',2009,'Niels Arden Oplev'),
  (14,'Dark City',1998,'Alex Proyas'),
  (15,'It Happened One Night',1934,'Frank Capra'),
  (16,'Nebraska',2013,'Alexander Payne'),
  (17,'American History X',1998,'Tony Kaye'),
  (18,'Vozvrashchenie',2003,'Andrey Zvyagintsev'),
  (19,'The Social Network',2010,'David Fincher'),
  (20,'Darbareye Elly',2009,'Asghar Farhadi'),
  (21,'Badlands',1973,'Terrence Malick'),
  (22,'Harry Potter and the Goblet of Fire',2005,'Mike Newell'),
  (23,'Gongdong gyeongbi guyeok JSA',2000,'Chan-wook Park'),
  (24,'Before Sunset',2004,'Richard Linklater'),
  (25,'O Brother, Where Art Thou?',2000,'Joel Coen'),
  (26,'Zindagi Na Milegi Dobara',2011,'Zoya Akhtar'),
  (27,'Back to the Future Part II',1989,'Robert Zemeckis'),
  (28,'The Bourne Identity',2002,'Doug Liman'),
  (29,'Léon',1994,'Luc Besson'),
  (30,'Hotaru no haka',1988,'Isao Takahata'),
  (31,'The Exorcist',1973,'William Friedkin'),
  (32,'Casablanca',1942,'Michael Curtiz'),
  (33,'Carlitos Way',1993,'Brian De Palma'),
  (34,'La Strada',1954,'Federico Fellini'),
  (35,'A Streetcar Named Desire',1951,'Elia Kazan'),
  (36,'Frost/Nixon',2008,'Ron Howard'),
  (37,'Fa yeung nin wah',2000,'Kar-Wai Wong'),
  (38,'Roman Holiday',1953,'William Wyler'),
  (39,'The Big Short',2015,'Adam McKay'),
  (40,'Saw',2004,'James Wan'),
  (41,'Lion',2016,'Garth Davis'),
  (42,'Tenkû no shiro Rapyuta',1986,'Hayao Miyazaki'),
  (43,'La double vie de Véronique',1991,'Krzysztof Kieslowski'),
  (44,'The Wolf of Wall Street',2013,'Martin Scorsese'),
  (45,'A Wednesday',2008,'Neeraj Pandey'),
  (46,'Det sjunde inseglet',1957,'Ingmar Bergman'),
  (47,'Dawn of the Dead',1978,'George A. Romero'),
  (48,'The Straight Story',1999,'David Lynch'),
  (49,'This Is Spinal Tap',1984,'Rob Reiner'),
  (50,'The Visitor',2007,'Tom McCarthy');

INSERT INTO hw5.reviewers (id,name) VALUES
  (1,'Zack Patterson'),
  (2,'Erik Rogers'),
  (3,'Curtis Young'),
  (4,'Ben Gibson'),
  (5,'Marc Boyd'),
  (6,'Joanne Shaw'),
  (7,'Perry Hamilton'),
  (8,'Jose Obrien'),
  (9,'Don Soto'),
  (10,'Connie Watts'),
  (11,'Naomi Lewis'),
  (12,'Irma Castro'),
  (13,'Hector Garza'),
  (14,'Erika Spencer'),
  (15,'Corey Hunter'),
  (16,'Brian Carroll'),
  (17,'Steve Welch'),
  (18,'Jennifer Hicks'),
  (19,'Vera Sanders'),
  (20,'Keith Myers');

INSERT INTO hw5.ratings (reviewer_id,movie_id,stars,rating_date) VALUES
  (17,1,3,'2006-01-16'),
  (5,22,3,'2016-09-29'),
  (13,38,1,'2003-05-23'),
  (16,43,5,'2012-10-12'),
  (13,24,5,'2008-11-13'),
  (12,43,3,'2010-04-06'),
  (20,43,2,'2013-10-21'),
  (7,22,5,'2002-12-09'),
  (10,4,4,'2003-11-13'),
  (1,5,2,'2021-12-26'),
  (9,33,3,'2018-05-09'),
  (13,23,4,'2021-07-22'),
  (12,19,2,'2010-07-10'),
  (10,21,1,'2014-11-19'),
  (8,17,4,'2019-05-11'),
  (16,4,2,'2001-10-01'),
  (8,23,4,'2013-04-15'),
  (1,46,1,'2006-07-23'),
  (1,33,4,'2003-03-23'),
  (3,44,2,'2013-05-02'),
  (5,43,4,'2017-02-16'),
  (1,6,5,'2000-04-24'),
  (18,35,4,'2000-10-21'),
  (12,16,2,'2007-12-25'),
  (1,31,1,'2002-05-22'),
  (18,48,1,'2007-04-04'),
  (8,11,5,'2003-10-12'),
  (2,5,4,'2003-06-17'),
  (3,34,4,'2006-04-01'),
  (5,39,2,'2017-03-13'),
  (12,27,5,'2005-10-22'),
  (4,21,3,'2006-02-17'),
  (18,5,2,'2005-04-17'),
  (12,45,1,'2020-07-03'),
  (11,13,2,'2021-03-01'),
  (10,33,5,'2019-05-28'),
  (2,7,1,'2009-10-05'),
  (16,16,1,'2013-10-16'),
  (14,43,1,'2001-05-05'),
  (10,22,2,'2015-03-12'),
  (8,44,3,'2000-07-20'),
  (10,1,2,'2017-08-07'),
  (18,21,5,'2004-04-03'),
  (8,18,5,'2011-05-07'),
  (14,34,2,'2013-07-25'),
  (8,20,3,'2015-02-07'),
  (13,16,3,'2017-09-04'),
  (12,37,2,'2003-01-29'),
  (1,48,4,'2006-06-08'),
  (14,33,2,'2001-03-03'),
  (19,46,1,'2015-01-03'),
  (2,6,4,'2020-04-09'),
  (17,43,3,'2015-03-09'),
  (11,34,4,'2009-11-18'),
  (2,28,3,'2016-11-04'),
  (10,23,5,'2001-07-02'),
  (3,20,1,'2009-12-20'),
  (6,8,1,'2014-11-24'),
  (17,25,1,'2014-03-05'),
  (18,1,1,'2015-07-02'),
  (9,26,3,'2013-01-11'),
  (17,47,4,'2004-11-04'),
  (13,35,3,'2003-02-07'),
  (14,44,1,'2009-11-12'),
  (19,27,3,'2007-11-15'),
  (11,15,1,'2009-11-12'),
  (2,26,3,'2002-12-03'),
  (12,13,4,'2003-09-06'),
  (9,38,2,'2020-08-03'),
  (9,15,3,'2000-03-11'),
  (14,32,5,'2006-04-06'),
  (15,7,2,'2019-04-08'),
  (17,37,3,'2013-12-27'),
  (6,12,4,'2007-08-28'),
  (10,42,2,'2004-01-27'),
  (10,30,4,'2002-11-07'),
  (4,41,5,'2005-06-12'),
  (15,33,1,'2000-05-22'),
  (19,16,2,'2014-10-31'),
  (19,44,3,'2020-06-01'),
  (15,50,2,'2017-03-30'),
  (20,12,2,'2009-10-23'),
  (20,21,3,'2000-12-27'),
  (7,30,3,'2019-09-30'),
  (18,7,3,'2021-04-02'),
  (4,23,4,'2017-02-21'),
  (11,26,2,'2010-09-06'),
  (7,29,4,'2018-07-12'),
  (10,29,5,'2020-02-09'),
  (6,42,2,'2003-05-26'),
  (5,41,5,'2014-04-22'),
  (11,38,5,'2011-03-25'),
  (4,3,4,'2004-10-02'),
  (10,40,1,'2000-12-16'),
  (11,18,4,'2003-11-01'),
  (13,39,5,'2003-06-15'),
  (3,13,5,'2006-01-06'),
  (17,4,1,'2000-06-12'),
  (5,6,1,'2006-01-14'),
  (4,8,4,'2021-07-18'),
  (10,34,5,'2014-08-17'),
  (1,12,3,'2008-09-09'),
  (13,2,2,'2015-02-25'),
  (8,2,2,'2007-01-01'),
  (7,15,2,'2018-09-03'),
  (2,50,5,'2001-09-23'),
  (18,8,5,'2011-08-03'),
  (8,36,2,'2005-02-26'),
  (8,22,1,'2021-11-19'),
  (18,27,4,'2000-03-10'),
  (16,45,1,'2005-04-06'),
  (13,28,5,'2008-08-03'),
  (19,6,1,'2005-07-05'),
  (7,21,2,'2014-06-10'),
  (4,7,5,'2017-02-09'),
  (8,7,4,'2016-12-29'),
  (18,9,4,'2003-06-26'),
  (10,12,2,'2021-06-10'),
  (6,17,4,'2020-03-18'),
  (20,25,3,'2007-05-13'),
  (9,9,4,'2008-01-22'),
  (3,25,5,'2021-04-22'),
  (15,41,3,'2000-08-21'),
  (2,31,3,'2006-02-14'),
  (17,38,2,'2014-11-11'),
  (2,21,5,'2004-09-12'),
  (10,26,1,'2011-05-19'),
  (2,33,5,'2011-01-01'),
  (11,47,4,'2004-01-16'),
  (1,50,4,'2001-07-30'),
  (17,41,2,'2021-10-30'),
  (17,26,3,'2012-01-27'),
  (18,11,2,'2014-11-03'),
  (3,45,4,'2000-06-15'),
  (2,4,5,'2016-10-04'),
  (10,6,3,'2013-12-16'),
  (15,5,4,'2011-04-11'),
  (14,35,3,'2005-04-24'),
  (2,9,4,'2004-04-14'),
  (16,31,3,'2019-02-20'),
  (6,41,2,'2013-11-22'),
  (10,43,1,'2010-10-03'),
  (18,49,4,'2009-09-18'),
  (1,1,4,'2010-03-03'),
  (12,49,4,'2014-08-02'),
  (11,39,1,'2003-07-21'),
  (12,14,1,'2005-03-12'),
  (18,12,1,'2009-02-24'),
  (20,32,2,'2019-06-10'),
  (5,26,3,'2003-02-17'),
  (8,35,1,'2009-02-01'),
  (3,12,4,'2010-04-20'),
  (19,22,3,'2018-02-10'),
  (11,10,3,'2016-04-15'),
  (8,33,4,'2009-03-29'),
  (5,32,3,'2008-01-18'),
  (1,28,3,'2008-09-04'),
  (13,6,3,'2004-03-07'),
  (16,26,4,'2011-08-13'),
  (4,17,4,'2018-09-29'),
  (4,5,2,'2021-11-02'),
  (2,25,1,'2005-03-21'),
  (17,14,3,'2013-07-01'),
  (1,45,3,'2003-07-15'),
  (16,47,2,'2011-04-04'),
  (5,11,5,'2005-02-14'),
  (18,23,4,'2011-08-11'),
  (19,25,3,'2020-07-16'),
  (17,8,4,'2021-12-21'),
  (18,37,5,'2010-05-19'),
  (6,9,3,'2014-03-02'),
  (11,14,2,'2009-12-27'),
  (20,18,3,'2015-03-15'),
  (2,10,5,'2004-09-06'),
  (4,38,5,'2015-08-17'),
  (10,10,2,'2003-10-14'),
  (7,23,4,'2001-10-17'),
  (20,7,4,'2004-01-30'),
  (6,46,5,'2018-01-07'),
  (14,5,2,'2001-10-09'),
  (18,34,4,'2001-11-27'),
  (9,45,1,'2015-01-27'),
  (14,1,2,'2018-08-16'),
  (19,37,2,'2007-01-02'),
  (19,2,2,'2015-11-20'),
  (17,46,4,'2011-05-18'),
  (3,50,3,'2009-01-17'),
  (3,49,1,'2012-03-08'),
  (2,11,3,'2014-10-09'),
  (17,48,1,'2017-06-18'),
  (4,47,5,'2020-01-20'),
  (14,15,5,'2013-01-05'),
  (3,11,4,'2012-08-24'),
  (16,37,1,'2001-05-15'),
  (12,33,2,'2020-11-03'),
  (20,23,2,'2019-02-02'),
  (5,10,1,'2010-11-23'),
  (9,41,5,'2005-05-31'),
  (15,24,4,'2017-02-09'),
  (9,32,5,'2001-04-29'),
  (6,39,2,'2013-12-11'),
  (9,27,5,'2013-11-01'),
  (6,25,2,'2010-03-24'),
  (13,32,2,'2004-07-17'),
  (13,42,3,'2018-01-05'),
  (15,27,4,'2007-06-21'),
  (16,23,3,'2014-09-26'),
  (11,41,3,'2002-04-17'),
  (3,22,5,'2017-03-31'),
  (8,34,3,'2019-03-02'),
  (15,12,5,'2009-05-30'),
  (13,44,1,'2022-01-20'),
  (12,39,5,'2011-03-21'),
  (13,41,1,'2007-08-25'),
  (16,7,5,'2006-10-01'),
  (12,17,1,'2019-11-07'),
  (7,36,1,'2019-02-11'),
  (14,28,2,'2008-08-23'),
  (14,47,3,'2000-11-28'),
  (19,3,1,'2000-01-12'),
  (11,19,5,'2008-08-27'),
  (7,20,1,'2005-07-08'),
  (10,3,2,'2016-03-04'),
  (9,6,2,'2008-12-06'),
  (20,24,2,'2004-01-20'),
  (5,36,5,'2015-07-28'),
  (15,28,4,'2021-02-06'),
  (5,44,5,'2016-06-18'),
  (12,48,4,'2007-02-10'),
  (14,27,2,'2009-01-17'),
  (6,32,4,'2012-07-09'),
  (15,9,2,'2000-02-04'),
  (19,50,3,'2006-08-12'),
  (19,41,4,'2015-05-03'),
  (19,29,1,'2017-04-05'),
  (9,10,1,'2002-01-19'),
  (1,15,5,'2013-07-25'),
  (9,12,4,'2018-06-11'),
  (10,44,5,'2022-01-13'),
  (17,16,4,'2005-10-05'),
  (7,49,5,'2017-01-20'),
  (3,42,3,'2011-06-23'),
  (16,30,3,'2017-06-23'),
  (16,27,3,'2012-05-25'),
  (6,4,4,'2009-07-06'),
  (15,31,1,'2013-07-19'),
  (20,48,3,'2003-02-18'),
  (13,34,3,'2017-10-19'),
  (6,21,5,'2008-08-04'),
  (13,45,5,'2019-10-03'),
  (17,5,4,'2011-10-17'),
  (15,23,4,'2016-08-09'),
  (5,15,1,'2000-08-15'),
  (8,43,3,'2011-03-18'),
  (18,42,3,'2012-11-06'),
  (12,50,5,'2012-12-06'),
  (5,13,5,'2008-09-08'),
  (10,48,3,'2006-03-24'),
  (16,49,3,'2021-08-21'),
  (17,31,1,'2002-06-21'),
  (18,16,1,'2001-03-18'),
  (14,41,2,'2010-01-05'),
  (12,40,2,'2018-06-05'),
  (15,32,1,'2019-07-28'),
  (2,37,5,'2020-06-01'),
  (5,25,1,'2012-05-28'),
  (2,16,2,'2022-02-11'),
  (20,1,3,'2004-09-23'),
  (8,31,1,'2000-04-13'),
  (17,3,3,'2014-12-26'),
  (5,29,4,'2005-04-30'),
  (15,1,3,'2018-08-09'),
  (4,11,1,'2001-04-20'),
  (19,21,5,'2021-05-20'),
  (9,34,4,'2009-10-09'),
  (9,44,4,'2016-05-06'),
  (11,40,3,'2002-11-12'),
  (18,10,5,'2020-03-08'),
  (15,13,3,'2012-10-16'),
  (10,38,4,'2013-03-04'),
  (7,35,2,'2008-08-23'),
  (7,1,4,'2012-01-08'),
  (20,10,4,'2016-09-24'),
  (1,30,3,'2022-01-27'),
  (2,42,2,'2015-05-15'),
  (8,37,5,'2003-03-12'),
  (15,35,4,'2018-06-28'),
  (10,8,1,'2004-12-23'),
  (5,37,3,'2020-06-23'),
  (17,17,5,'2002-01-12'),
  (6,23,1,'2013-08-01'),
  (3,15,1,'2013-01-13'),
  (5,31,4,'2008-07-03'),
  (6,30,5,'2009-05-12'),
  (5,28,4,'2018-10-29'),
  (2,46,5,'2007-12-18'),
  (1,14,4,'2013-12-14'),
  (14,12,1,'2018-02-11'),
  (7,44,2,'2020-08-28'),
  (9,21,2,'2019-07-07'),
  (9,11,4,'2018-07-20'),
  (15,2,3,'2017-10-05'),
  (16,38,1,'2005-04-19'),
  (5,35,1,'2005-11-26'),
  (12,12,1,'2000-11-28'),
  (1,49,2,'2003-10-15'),
  (6,18,2,'2006-11-06'),
  (2,30,5,'2016-01-19'),
  (12,24,3,'2001-09-15'),
  (13,21,2,'2013-08-08'),
  (1,13,4,'2015-03-15'),
  (14,3,2,'2016-08-05'),
  (11,50,4,'2004-10-29'),
  (19,15,1,'2002-09-23'),
  (20,2,3,'2005-03-31'),
  (2,18,2,'2019-06-21'),
  (4,43,1,'2003-07-09'),
  (5,3,4,'2014-03-13'),
  (7,37,5,'2003-08-27'),
  (18,17,5,'2004-07-02'),
  (4,27,5,'2021-09-08'),
  (5,12,1,'2000-11-05'),
  (7,6,1,'2006-04-11'),
  (14,14,3,'2011-10-22'),
  (4,31,3,'2018-07-02'),
  (1,43,2,'2011-02-17'),
  (19,43,2,'2018-02-04'),
  (12,31,4,'2007-10-23'),
  (10,11,1,'2006-05-22'),
  (9,39,5,'2007-04-14'),
  (11,45,4,'2012-03-05'),
  (4,1,3,'2021-09-12'),
  (8,6,5,'2000-05-10'),
  (16,25,4,'2013-11-14'),
  (12,2,5,'2002-12-19'),
  (18,36,3,'2015-05-24'),
  (6,37,1,'2017-01-14'),
  (20,15,3,'2020-06-18'),
  (12,46,2,'2019-09-25'),
  (4,29,5,'2010-05-06'),
  (16,46,4,'2003-01-01'),
  (12,42,3,'2008-01-16'),
  (16,18,3,'2016-07-31'),
  (3,31,5,'2021-05-02'),
  (11,17,2,'2005-06-15'),
  (5,34,4,'2010-03-08'),
  (5,30,4,'2006-10-23'),
  (5,8,3,'2012-08-09'),
  (4,36,4,'2004-06-13'),
  (12,20,3,'2015-12-04'),
  (10,9,5,'2019-08-26'),
  (3,1,3,'2001-04-28'),
  (17,44,2,'2005-02-07'),
  (2,17,3,'2006-03-26'),
  (12,6,5,'2006-02-21'),
  (12,38,1,'2012-10-02'),
  (9,46,4,'2004-12-17'),
  (16,24,3,'2012-11-22'),
  (6,49,3,'2019-03-04'),
  (4,16,3,'2018-01-06'),
  (18,33,2,'2007-07-05'),
  (14,46,1,'2003-10-07'),
  (7,39,3,'2008-10-01'),
  (10,25,4,'2008-02-12'),
  (15,37,5,'2020-07-23'),
  (13,46,2,'2014-09-09'),
  (18,2,4,'2015-07-19'),
  (14,24,1,'2005-01-01'),
  (1,9,3,'2008-11-18'),
  (14,8,3,'2010-03-20'),
  (16,40,4,'2016-03-09'),
  (17,36,1,'2012-10-31'),
  (15,39,5,'2020-05-29'),
  (13,47,2,'2017-01-31'),
  (3,14,4,'2016-12-22'),
  (15,43,3,'2005-05-26'),
  (4,46,5,'2019-10-16'),
  (18,24,5,'2016-08-09'),
  (17,12,3,'2009-02-01'),
  (15,49,1,'2013-05-23'),
  (1,11,3,'2009-08-10'),
  (14,38,1,'2001-12-16'),
  (9,20,4,'2007-05-11'),
  (20,13,2,'2017-10-05'),
  (13,4,4,'2013-01-05'),
  (15,6,3,'2004-06-23'),
  (4,44,3,'2015-09-26'),
  (16,29,4,'2005-09-04'),
  (16,9,2,'2007-05-03'),
  (19,32,4,'2011-12-22'),
  (17,10,2,'2000-07-22'),
  (2,49,2,'2010-07-24'),
  (9,49,3,'2017-06-07'),
  (2,19,5,'2019-11-12'),
  (18,31,2,'2002-07-10'),
  (18,43,2,'2015-11-12'),
  (9,2,5,'2013-08-16'),
  (4,40,4,'2014-05-08'),
  (12,15,5,'2019-09-27'),
  (1,26,2,'2008-07-21'),
  (7,38,2,'2021-11-30'),
  (20,26,3,'2020-09-18'),
  (1,2,3,'2000-09-11'),
  (16,15,2,'2017-10-18'),
  (17,6,5,'2016-06-04'),
  (1,35,1,'2016-07-29'),
  (12,10,3,'2021-06-20'),
  (17,22,2,'2001-08-05'),
  (7,43,4,'2009-11-29'),
  (7,31,5,'2003-02-21'),
  (3,40,5,'2015-10-28'),
  (17,11,4,'2008-09-25'),
  (4,18,5,'2004-11-22'),
  (20,31,3,'2010-07-30'),
  (19,5,4,'2012-04-01'),
  (11,23,2,'2015-07-13'),
  (9,17,1,'2016-08-26'),
  (6,31,3,'2005-06-29'),
  (14,22,1,'2021-08-08'),
  (8,12,3,'2007-02-06'),
  (11,7,4,'2019-02-13'),
  (7,50,4,'2018-12-15'),
  (12,9,5,'2004-01-31'),
  (9,22,4,'2012-10-13'),
  (19,4,5,'2019-09-19'),
  (7,4,2,'2006-02-11'),
  (3,24,5,'2004-08-11'),
  (5,20,2,'2000-10-13'),
  (16,32,5,'2013-02-02'),
  (4,12,2,'2015-07-23'),
  (7,10,1,'2019-09-05'),
  (2,39,5,'2010-01-30'),
  (18,44,1,'2007-12-04'),
  (8,42,4,'2012-05-23'),
  (9,24,1,'2014-07-22'),
  (9,1,5,'2017-09-25'),
  (16,6,1,'2008-09-04'),
  (7,14,3,'2000-09-03'),
  (3,41,1,'2013-11-09'),
  (17,45,4,'2007-12-18'),
  (17,40,3,'2004-08-23'),
  (14,17,4,'2007-04-12'),
  (8,9,3,'2016-07-28'),
  (7,7,4,'2006-11-11'),
  (6,45,1,'2008-02-22'),
  (4,24,3,'2003-01-03'),
  (4,10,1,'2014-08-11'),
  (9,3,3,'2013-04-27'),
  (2,8,1,'2008-09-07'),
  (4,20,1,'2011-03-13'),
  (20,22,2,'2019-04-20'),
  (1,19,2,'2002-12-12'),
  (9,19,1,'2019-09-09'),
  (8,24,1,'2013-12-16'),
  (3,17,5,'2001-02-23'),
  (15,48,4,'2000-03-17'),
  (16,19,5,'2011-01-26'),
  (16,36,3,'2019-11-19'),
  (7,40,1,'2020-09-10'),
  (14,31,3,'2008-05-10'),
  (11,21,3,'2017-07-24'),
  (16,3,1,'2021-01-30'),
  (7,28,5,'2013-11-11'),
  (18,14,2,'2018-01-06'),
  (1,39,4,'2007-12-20'),
  (7,32,2,'2003-10-14'),
  (13,19,3,'2017-08-09'),
  (15,38,5,'2016-09-06'),
  (1,40,2,'2004-01-25'),
  (4,42,3,'2000-11-28'),
  (1,4,3,'2001-10-23'),
  (2,1,1,'2012-01-31'),
  (1,18,1,'2008-04-07'),
  (6,38,1,'2005-07-26'),
  (19,13,2,'2020-03-19'),
  (12,4,2,'2016-10-16'),
  (14,6,4,'2008-01-23'),
  (3,19,5,'2021-05-14'),
  (11,20,2,'2007-08-05'),
  (3,28,4,'2020-07-23'),
  (19,48,2,'2019-12-28'),
  (20,49,5,'2003-04-01'),
  (13,50,2,'2016-06-14'),
  (14,26,4,'2012-03-25'),
  (5,49,2,'2002-08-01'),
  (3,29,1,'2010-06-23'),
  (11,30,3,'2001-12-20'),
  (10,14,1,'2003-05-21'),
  (10,41,2,'2019-09-26'),
  (7,2,2,'2020-05-23'),
  (6,40,5,'2005-03-30'),
  (18,41,4,'2015-10-25'),
  (10,35,4,'2015-10-25'),
  (14,50,4,'2014-10-07'),
  (4,4,1,'2010-11-04'),
  (2,2,1,'2010-02-15'),
  (14,48,3,'2016-10-09'),
  (8,38,4,'2003-08-28'),
  (9,18,1,'2004-07-07'),
  (17,30,4,'2001-09-29');

